{"skeleton":{"hash":"E0MQPhIjlUw","spine":"4.2.43","x":-63.77,"y":-2.68,"width":120,"height":132,"images":"../new_mon/new_mon_01/","audio":"./audio"},"bones":[{"name":"root","y":-3.45},{"name":"bone","parent":"root","length":37.52,"rotation":92.26,"x":0.56,"y":37.92},{"name":"head","parent":"bone","length":40.49,"rotation":-20.36,"x":37.52}],"slots":[{"name":"1","bone":"bone","attachment":"1"}],"skins":[{"name":"default","attachments":{"1":{"1":{"type":"mesh","uvs":[1,1,0,1,0,0,1,0],"triangles":[1,2,3,1,3,0],"vertices":[-39.32,-54.16,-34.58,65.74,97.31,60.54,92.58,-59.37],"hull":4,"edges":[0,2,2,4,4,6,0,6],"width":120,"height":132},"2":{"type":"mesh","uvs":[1,1,0,1,0,0,1,0],"triangles":[1,2,3,1,3,0],"vertices":[-40.28,-53.12,-35.58,65.78,98.31,60.5,93.62,-58.41],"hull":4,"edges":[0,2,2,4,4,6,0,6],"width":119,"height":134},"3":{"type":"mesh","uvs":[1,1,0,1,0,0,1,0],"triangles":[1,2,3,1,3,0],"vertices":[-39.36,-55.16,-34.62,64.74,98.27,59.5,93.54,-60.41],"hull":4,"edges":[0,2,2,4,4,6,0,6],"width":120,"height":133},"4":{"type":"mesh","uvs":[1,1,0,1,0,0,1,0],"triangles":[1,2,3,1,3,0],"vertices":[-38.36,-55.2,-33.58,65.7,98.31,60.5,93.54,-60.41],"hull":4,"edges":[0,2,2,4,4,6,0,6],"width":121,"height":132},"5":{"type":"mesh","uvs":[1,1,0,1,0,0,1,0],"triangles":[1,2,3,1,3,0],"vertices":[-40.32,-54.12,-35.62,64.78,99.27,59.46,94.58,-59.45],"hull":4,"edges":[0,2,2,4,4,6,0,6],"width":119,"height":135},"6":{"type":"mesh","uvs":[1,1,0,1,0,0,1,0],"triangles":[1,2,3,1,3,0],"vertices":[-39.32,-54.16,-34.66,63.75,98.23,58.5,93.58,-59.41],"hull":4,"edges":[0,2,2,4,4,6,0,6],"width":118,"height":133},"7":{"type":"mesh","uvs":[1,1,0,1,0,0,1,0],"triangles":[1,2,3,1,3,0],"vertices":[-40.32,-54.12,-35.66,63.79,98.23,58.5,93.58,-59.41],"hull":4,"edges":[0,2,2,4,4,6,0,6],"width":118,"height":134},"8":{"type":"mesh","uvs":[1,1,0,1,0,0,1,0],"triangles":[1,2,3,1,3,0],"vertices":[-40.32,-54.12,-35.58,65.78,98.31,60.5,93.58,-59.41],"hull":4,"edges":[0,2,2,4,4,6,0,6],"width":120,"height":134},"9":{"type":"mesh","uvs":[1,1,0,1,0,0,1,0],"triangles":[1,2,3,1,3,0],"vertices":[-40.36,-55.12,-35.58,65.78,99.31,60.46,94.54,-60.45],"hull":4,"edges":[0,2,2,4,4,6,0,6],"width":121,"height":135},"10":{"type":"mesh","uvs":[1,1,0,1,0,0,1,0],"triangles":[1,2,3,1,3,0],"vertices":[-40.83,-53.63,-36.13,65.28,98.76,59.95,94.07,-58.95],"hull":4,"edges":[0,2,2,4,4,6,0,6],"width":119,"height":135}}}}],"animations":{"Die":{"slots":{"1":{"rgba":[{"color":"ffffffff"},{"time":0.3333,"color":"ffffff00"}],"attachment":[{"name":"10"}]}},"bones":{"bone":{"rotate":[{"value":-4.24},{"time":0.3333,"value":-5.42}],"translate":[{"x":-1.97,"y":3.21},{"time":0.3333,"x":-1.97,"y":4.45}]}}},"Hit":{"slots":{"1":{"attachment":[{"name":"5"}]}},"bones":{"bone":{"rotate":[{"value":-2.39},{"time":0.1667,"value":-4.24}],"translate":[{"x":-1.73,"y":2.71},{"time":0.1667,"x":-1.97,"y":3.21}]}}},"Run":{"slots":{"1":{"attachment":[{"time":0.1667,"name":"2"},{"time":0.3333,"name":"3"},{"time":0.5,"name":"4"},{"time":0.6667,"name":"5"},{"time":0.8333,"name":"6"},{"time":1,"name":"7"},{"time":1.1667,"name":"8"},{"time":1.3333,"name":"9"},{"time":1.5,"name":"1"}]}},"bones":{"bone":{"translate":[{"time":0.3333},{"time":0.5,"y":-0.25},{"time":0.6667},{"time":0.8333,"y":1.23},{"time":1},{"time":1.1667,"y":-1.23},{"time":1.3333}],"scale":[{},{"time":0.1667,"x":1.023},{"time":0.3333,"x":1.008},{"time":0.5,"x":1.005},{"time":0.6667,"x":1.011},{"time":0.8333,"x":1.031},{"time":1,"x":0.993},{"time":1.1667,"x":0.975},{"time":1.3333,"x":1.001},{"time":1.5}]}}}}}